id,screen_name,text,polarity,criterioPropio,
8.80E+17,@MelizaPonqueta,Eres due√±o de tu propio destino üòÄüòÄ,0,1,1
8.80E+17,@zkarina,RT @CaraotaDigital: #Consecomercio: El gobierno se dedica a imprimir billetes para cubrir los errores cometidos https://t.co/CNk5mOBkV9 htt‚Ä¶,0,0,0
8.80E+17,@NAYARIT_Riveris,RT @SonyMusicEC: ¬°Bienvenido @_CarlosRivera a Ecuador! #GiraDeMedios üé∂üìªüì∫ #CarlosRiveraEnEcuador https://t.co/GvfryVWtQF,1,1,0
8.80E+17,@mariaeu93993718,RT @AlbertoRT51: √öLTIMA HORA | Los enfrentamientos en La Urbina: Esbirros del Gobierno arremeten con furia contra edificios y veh√≠cu‚Ä¶ ,0,0,0
8.80E+17,@bebesitaper04,"RT @elcitizen: Qui√©n iba a pensar q un supuesto gobierno de izquierda iba a terminar como gorilas, reprimiendo y con las alforjas repletas‚Ä¶",0,0,0
8.80E+17,@Markisu,RT @AlbertoRT51: √öLTIMA HORA | Los enfrentamientos en La Urbina: Esbirros del Gobierno arremeten con furia contra edificios y veh√≠cu‚Ä¶ ,0,0,0
8.80E+17,@dionisioterius,RT @Ramocabr: Si la @AsambleaVE con los art. 333 y 350 llaman a un Gobierno de transici√≥n usted #TransicionYaOPerdemosElPais,0,0,0
8.80E+17,@leomorante13,"RT @ObservadBinario: ¬°Ay, Dios, c√≥mo odio no equivocarme en esto!... No se duerman... Esto parece desencdenarse... https://t.co/9Hu8PzGyVT",0,0,0
8.80E+17,@E_BetancourtC,"Lo defienden, y hasta recomiendan que es buen dato si lo tratas. https://t.co/7eLG26f7Vl",1,0,1
8.80E+17,@RobieCur,"RT @guruchuirer: El relato de este sexenio podr√≠a ser un cap√≠tulo completo de ""La historia de la estupidez"". https://t.co/6yOdyKtiLU",1,1,0
8.80E+17,@slytherinjoshua,"puta la huea ctm, en medio del gobierno liberal me dio por escuchar long way home JKASJKASJ CONCENTRATE CULIA",1,1,0
8.80E+17,@marininaam,"RT @elcitizen: Qui√©n iba a pensar q un supuesto gobierno de izquierda iba a terminar como gorilas, reprimiendo y con las alforjas repletas‚Ä¶",0,0,0
8.80E+17,@carlitosfc,"RT @Haciendapy: Este Gobierno est√° haciendo frente a la deuda real que tiene el pa√≠s, que es la falta de #infraestructuraüëâ @lea_g_d‚Ä¶ ",0,0,0
8.80E+17,@gchowlee19,@clausantander Y pastas sindoni. Esos si son los del gobierno. Aparentemente ahi si no hay tanquetas ni nada,0,0,0
8.80E+17,@Jd72Neo,RT @NoticiasVenezue: Rodr√≠guez Torres presentar√° pruebas que demuestran v√≠nculos del Gobierno con narcotr√°fico https://t.co/rqMKPyCHZF http‚Ä¶,1,1,0
8.80E+17,@gorecoquimbo,"RT @SegegobCoquimbo: Amigos, @JUNJI_Coquimbo informa que este martes 27/06, sus jardines infantiles desarrollar√°n sus actividades normal‚Ä¶ ",1,1,0
8.80E+17,@DuyliaGonzalez,"RT @elcitizen: Cual es el gobierno de Am√©rica Latina q asesina, reprime y encarcela a estudiantes. Censura y persigue a periodistas? Maduro‚Ä¶",0,0,0
8.80E+17,@nelabrador,"RT @PabloHernandezB: Terror y represi√≥n, lo √∫nico que hoy puede ofrecer la dictadura de Nicol√°s Maduro ¬°Fuerza a nuestro pueblo de La Ur‚Ä¶ ",1,1,0
8.80E+17,@leidalugo,"RT @ObservadBinario: ¬°Ay, Dios, c√≥mo odio no equivocarme en esto!... No se duerman... Esto parece desencdenarse... https://t.co/9Hu8PzGyVT",0,0,0
8.80E+17,@jorgegarban1,RT @Miguel_Pizarro: Rechazamos los actos vand√°licos y la violencia. Estas acciones forman parte de las provocaciones del Gobierno y solo lo‚Ä¶,0,0,0
8.80E+17,@prensapasso,RT @SergioMassa: Frente a la falta de respuesta del Gobierno en materia de seguridad comenzamos a tejer esta red de vecinos en La Ma‚Ä¶ ,1,-1,1
8.80E+17,@MaxiZoghbi,"RT @elcitizen: Qui√©n iba a pensar q un supuesto gobierno de izquierda iba a terminar como gorilas, reprimiendo y con las alforjas repletas‚Ä¶",0,0,0
8.80E+17,@titamara10,RT @TimoFARC: 1. Gobierno Nal debe cumplir con la ley 1820 la cual otorga amnist√≠a a todos los prisioneros pol√≠ticos.,0,-1,1
8.80E+17,@REYnaYARIT,RT @SonyMusicEC: ¬°Bienvenido @_CarlosRivera a Ecuador! #GiraDeMedios üé∂üìªüì∫ #CarlosRiveraEnEcuador https://t.co/GvfryVWtQF,1,1,0
8.80E+17,@Tiz__,"RT @jenarovillamil: Un periodista asesinado m√°s: #SalvadorAdame, despu√©s de Semanas desaparecido y de la indolencia del gobierno de Mic‚Ä¶ ",0,0,0
8.80E+17,@teresavelasco18,@periodicovzlano Y el Gobierno en lugar de Ocuparse de Est√°s Emergencias gesta en Armas y en pendejadas Mientras √©l‚Ä¶ https://t.co/mDb6Y6fBsx,0,0,0
8.80E+17,@smelissah,"No le√≠ HP hasta el 2001, pero una vez encendida, la magia nunca se apag√≥ #HarryPotter20",1,1,0
8.80E+17,@Vence_de_nuevo,RT @eloina_mogollon: Dictadura?En este pa√≠s lo q hay es ibertinaje tremendo. En un gobierno d la IV Rep√∫blica ese tipo le habr√≠an dado p‚Ä¶ ,0,0,0
8.80E+17,@SteffW10,@APolemil Ecuador ejejje,1,1,0
8.80E+17,@JanessyG,"RT @TrueDrResistenc: @jcsosazpurua MENSAJE a la AN: DESIGNEN nuevo TSJ, CNE, defensor, contralor, presidente y gobierno. Den el piso pol‚Ä¶ ",0,0,0
8.80E+17,@MiryeSuarez,"RT @Dereckb: A punto de ser robado hace minutos, pero seguro fue una sensaci√≥n m√≠a; de eso s√≠ que no se ocupa este gobierno sino de destrui‚Ä¶",0,0,0
8.80E+17,@egleeyayi,RT @AlbertoRT51: √öLTIMA HORA | Los enfrentamientos en La Urbina: Esbirros del Gobierno arremeten con furia contra edificios y veh√≠cu‚Ä¶ ,0,0,0
8.80E+17,@nicoallegro,"Hoy, en Gobierno ""Los hijos de puta"".

https://t.co/9LQYRu7VtO",0,0,0
8.80E+17,@melina_huiza,"Miedo al amor , miedo ala muerte , ala libertad",0,-1,1
8.80E+17,@marco_caldon,"RT @AlvaroUribeVel: 4 El Mal ejemplo cunde: El Eln tiene mesa con el Gobierno en Quito y sigue asesinando, secuestrando y extorsionando‚Ä¶ ",0,0,0
8.80E+17,@RNVinformativa,"Gobierno bolivariano atiende a familias afectadas por lluvias en Anzo√°tegui
https://t.co/4YpR4wPamz‚Ä¶ https://t.co/0LbNKeJ9Mz",0,0,0
8.80E+17,@lalavalvil,"RT @ncv_Violeta: Urgente!! Localizan SIN VIDA a Salvador Adame #NoAlSilencio #NiUnoMas 
Otro Periodista‚ûïASESINADO EN GOBIERNO d Pe√±a‚Ä¶ ",1,0,1
8.80E+17,@hmaestroa,"@o_ollarves Son unos MALDITOS, estamos enfermos como sociedad y merecemos la mierda de gobierno que tenemos. #PobrePais #Venezuela #Maracay",0,0,0
8.80E+17,@OrtografiaReal,La anciana que avis√≥ sobre el terremoto en Ecuador tambi√©n mencion√≥ los siguientes pa√≠ses de Am√©rica: https://t.co/ATxV4Zd5Q7,1,1,0
8.80E+17,@GMTOTEO,RT @AbrazoMusical: #Ecuador fallecio en accidente de transito Kevin Jesus Zarraga Brice√±o Venezolanoüáªüá™de 24 a√±os. El cuerpo esta en un‚Ä¶ ,1,1,0
8.80E+17,@urdahebert,RT @hastaeLgorro: Se rasgan las vestiduras hablando paja...y mira t√∫!!!!! @GegeRpz https://t.co/NofbDP7NkW,0,0,0
8.80E+17,@HomeroSalva1,RT @NTN24ve: MINUTO A MINUTO | En el sector San Jos√© de Maracay armaron barricadas contra el gobierno #26Jun‚Ä¶ ,1,1,0
8.80E+17,@Vianey_Pizarro,"RT @BibiMonteroDR: La masacre d allende ocurri√≥ en  gobierno de Calder√≥n, qui√©n no hizo nada por aclarar los hechos, seg√∫n un estudio‚Ä¶ ",1,1,0
8.80E+17,@sejoa456,RT @andreschola: #26Jun La gente en Jos√© F√©lix Ribas protesta por incumpliento en la entrega de bolsas Clap. Otro guiso de este gobierno.,1,-1,1
8.80E+17,@FRANKLIN_JOSE,RT @CaraotaDigital: #Consecomercio: El gobierno se dedica a imprimir billetes para cubrir los errores cometidos https://t.co/CNk5mOBkV9 htt‚Ä¶,0,0,0
8.80E+17,@Emancipador11,RT @Lechuguinos_com: ¬°FARISEO! Monse√±or Padr√≥n insta al gobierno a recapacitar sobre muertes que la oposici√≥n ha provocado* #Lechuguinos ht‚Ä¶,0,0,0
8.80E+17,@JPMessiga,"@SergioMassa @RLavagna @1PaisUnido Que facil es decir lo que la gente quiere escuchar. Si ustedes fuesen gobierno,‚Ä¶ https://t.co/JelXEi1TqH",1,-1,1
8.80E+17,@OscarGarcia100,"Ola de violencia es desatada por represi√≥n del gobierno, protestar pac√≠ficamente es constitucional, di√°logo nunca f‚Ä¶ https://t.co/gvRiEkwT2m",0,-1,1
8.80E+17,@koltran11,RT @AlbertoRT51: √öLTIMA HORA | Los enfrentamientos en La Urbina: Esbirros del Gobierno arremeten con furia contra edificios y veh√≠cu‚Ä¶ ,0,0,0
8.80E+17,@votabien,.@sllucchese denunci√≥ la nueva persecuci√≥n  que recibi√≥ por parte del Gobierno ‚Äì https://t.co/RTpE3AgDUT #ATodoMomento,1,1,0
8.80E+17,@prensapasso,RT @SergioMassa: .@1PaisUnido con cuadros de gobierno que piensen en brindar soluciones inmediatas a los problemas de los argentinos. https‚Ä¶,0,0,0
8.80E+17,@FFQuakeProject,Piden apoyo al gobierno en Horc√≥n tras perder alarma de #tsunami y un centro de madres por las marejadas https://t.co/taYKTbcbFi a,1,1,0
8.80E+17,@orlymj,RT @AlbertoRT51: √öLTIMA HORA | Los enfrentamientos en La Urbina: Esbirros del Gobierno arremeten con furia contra edificios y veh√≠cu‚Ä¶ ,0,0,0
8.80E+17,@Santi4238,El periodismo debe ser critico del poder. El presidente es macri. La caricatura es de CFK. Y la hacen con la banda.‚Ä¶ https://t.co/cd8r7kvUgt,0,0,0
8.80E+17,@MargaritaBuyon2,RT @richardmardo: Otro joven nacido en este gobierno que por defender la libertad que nunca conoci√≥ le dispararon a mansalva en Turme‚Ä¶ ,1,0,1
8.80E+17,@bonitocuelgueok,"Beldyk en Bonito: ""En ISIS la clave es el financiamiento. Lo logra a partir del dominio y gobierno de un territorio"" https://t.co/N8yxsg89Kn",1,0,1
8.80E+17,@mpierina,"RT @Dereckb: A punto de ser robado hace minutos, pero seguro fue una sensaci√≥n m√≠a; de eso s√≠ que no se ocupa este gobierno sino de destrui‚Ä¶",0,0,0
8.80E+17,@FrenteFantasma,Piden apoyo al gobierno en Horc√≥n tras perder alarma de #tsunami y un centro de madres por las marejadas https://t.co/z0UkwLyH4O a,1,-1,1
8.80E+17,@abdel_gabriel,RT @AlbertoRT51: √öLTIMA HORA | Los enfrentamientos en La Urbina: Esbirros del Gobierno arremeten con furia contra edificios y veh√≠cu‚Ä¶ ,0,-1,1
8.80E+17,@LaRegionTula,"-Realiza el gobierno municipal de Tula una intensa campa√±a para combatir la plaga del heno motita en los √°rboles
https://t.co/AVB8yMXANL",1,-1,1
8.80E+17,@fontedevidatxx,PROGRAMA TOQUE DE BOLA INFORMA:,1,1,0
8.80E+17,@ATodoMomento_,.@sllucchese denunci√≥ la nueva persecuci√≥n  que recibi√≥ por parte del Gobierno ‚Äì https://t.co/nTiESat8Mq #ATodoMomento,1,1,0
8.80E+17,@matasiete67,RT @AlbertoRT51: √öLTIMA HORA | Los enfrentamientos en La Urbina: Esbirros del Gobierno arremeten con furia contra edificios y veh√≠cu‚Ä¶ ,0,0,0
8.80E+17,@superescualid,RT @LadyGhostVzla: #TrancamosPorVzla en la protesta de la Av. Bol√≠var de #PuertoLaCruz  opositores fueron atacados y heridos por perso‚Ä¶ ,1,1,0
8.80E+17,@emiliolanzilli,"RT @elcitizen: Qui√©n iba a pensar q un supuesto gobierno de izquierda iba a terminar como gorilas, reprimiendo y con las alforjas repletas‚Ä¶",0,0,0
8.80E+17,@shaggyfarache,RT @pedrogarciao: Tienen mas decencia que el Gobierno y sus juristas del horror.  https://t.co/e8dpEDcTyL,0,0,0
8.80E+17,@arguello611,RT @AlbertoRT51: √öLTIMA HORA | Los enfrentamientos en La Urbina: Esbirros del Gobierno arremeten con furia contra edificios y veh√≠cu‚Ä¶ ,0,0,0
8.80E+17,@ecuabot,RT @undiosuniversal: Realmente existe la suerte? https://t.co/ktuVkoeSY6 #Dios #Venezuela #USA #Colombia #Brasil #Panama #Bolivia‚Ä¶ ,1,1,0
8.80E+17,@dralambrito,RT @willycochez: No hay GNB pa‚Äô tanta gente‚Ä¶ trancazo en rechazo al gobierno de Maduro un √©xito a lo largo y ancho de Venezuela https://t.c‚Ä¶,0,0,0
8.80E+17,@Angerar,"RT @fundazulbogota: Exalcalde, en su programa de gobierno (pag.12, https://t.co/EEK8QjWtwA) no decia nada de tranvias,pero si varias tr‚Ä¶ ",0,0,0
8.80E+17,@infocancha,#F√∫tbolEC  ¬°¬°ES NOTICIA!! @LDU_Oficial confirma fichaje del zaguero brasile√±o #LucasdeLima con paso por Portugal ; https://t.co/u0KWyNosyE,0,0,0
8.80E+17,@Justiciaciega70,Mi gente sigan luchando falta menos. @trafficARAGUA https://t.co/8Lo4yOJt1K,1,1,0
8.80E+17,@Lucharepa2016,"RT @ServicioPubliVE: V√≠a @mhueck12  24-06, falleci√≥ en Ecuador un Vzlano, Kevin Zarraga, 24 a. Se necesita la flia.Luis Mendoza,Tte. Bomber‚Ä¶",1,1,0
8.80E+17,@jimmyalzuru,@Licda_Piccinini Dame inf de los boletos en bs para Ecuador para dos menores para el 20 de julio y retorno fines de‚Ä¶ https://t.co/OFRppQ5uXV,1,1,0
8.80E+17,@rchucho26,"RT @BogotaPenalosa: @petrogustavo 2. En su Plan de Gobierno estaba la 7a, la Av. Boyac√°, la Av. 68 y 1ero de Mayo. ¬°¬°No se hicieron!!",1,1,0
8.80E+17,@aitor24584,RT @AC_isback: Pueblo se declarar√° en insurrecci√≥n popular si se viera afectado el Gobierno Bolivariano https://t.co/BSAAORW1hV  https://t.‚Ä¶,0,0,0
8.80E+17,@magneritcs,@elcitizen @CACIQUEMAYOR Vamos Venezuela ya es hora que consigamos la libertad este gobierno represor asesino y cor‚Ä¶ https://t.co/oIzq7yG3UP,0,0,0
8.80E+17,@andresriivas,"Mis ccaidas mas fuertes:
Cuando me romp√≠ la cabeza.
Cuando me quebr√© el brazo.
Cuando cai en sus mentiras :'(",0,-1,1
8.80E+17,@valadez14,RT @r3dmx: El informe #GobiernoEsp√≠a contiene varios hechos que son irrefutables por el gobierno federal: https://t.co/WLwYoZaLlM,1,1,0
8.80E+17,@MolinaRobertoMx,"RT @Viral_Noticias: ‚ÄúGobierno del PRI, responsable del incremento a la inflaci√≥n que empobrece al pueblo‚Äù: @CarolAntonioA‚Ä¶ ",1,0,1
8.80E+17,@maguitaresiste,RT @AlbertoRT51: √öLTIMA HORA | Los enfrentamientos en La Urbina: Esbirros del Gobierno arremeten con furia contra edificios y veh√≠cu‚Ä¶ ,0,0,0
8.80E+17,@MoisesCadenas,RT @AlbertoRT51: URGENTE | 9:00pm- As√≠ se encuentra el Barrio San Jos√© en #Maracay: Manifestantes instalan barricadas: Rechazan gobi‚Ä¶ ,1,-1,1
8.80E+17,@thamaraquijada,RT @AlbertoRT51: √öLTIMA HORA | Los enfrentamientos en La Urbina: Esbirros del Gobierno arremeten con furia contra edificios y veh√≠cu‚Ä¶ ,0,0,0
8.80E+17,@YvetteHesse,"RT @ABarrancoCh: De 5.9 billones en que estaba cuando lleg√≥ el gobierno actual, la deuda p√∫blica total ara√±a ya los 10. ?Alguien sabe en qu‚Ä¶",0,0,0
8.80E+17,@AJNATERAB,RT @ReporteYa: #26Jun #Petare Gente en Jos√© F√©lix Ribas protesta por incumplimiento en entrega de bolsas Clap. Otro guiso de este gobierno.‚Ä¶,1,-1,1
8.80E+17,@hoserafael1,RT @hoserafael1: @LETSREDSOX04 Con plena ley resorte el informador d las diez pm siempre c le salpica algo del gobierno jejejeje,0,0,0
8.80E+17,@leandrotango,"@Daviblanco Claro, pero ve que de esos resultados el gobierno ha perdido mucho m√°s que la oposici√≥n y ello ha contr‚Ä¶ https://t.co/lbkOGb5Qey",0,-1,1
8.80E+17,@marthamiss1955,RT @AlbertoRT51: √öLTIMA HORA | Los enfrentamientos en La Urbina: Esbirros del Gobierno arremeten con furia contra edificios y veh√≠cu‚Ä¶ ,0,-1,1
8.80E+17,@ElisaTata,RT @AlbertoRT51: √öLTIMA HORA | Los enfrentamientos en La Urbina: Esbirros del Gobierno arremeten con furia contra edificios y veh√≠cu‚Ä¶ ,0,-1,1
8.80E+17,@Viktori97297401,RT @ELBOMBOTULA: @gabrielsoglio hablar mal del gobierno anterior tiene sus beneficios,0,0,0
8.80E+17,@ChaconEvans,RT @noticiasmiami: ¬°EN CUENTA REGRESIVA! Estados Unidos reconocer√≠a a eventual ‚ÄúGobierno de Transici√≥n‚Äù en Venezuela -‚ñ∫ https://t.co/drZiku‚Ä¶,1,-1,1
8.80E+17,@johnsilva19,"RT @evoespueblo: El gobierno de EEUU usa lucha antidroga para intervenir pa√≠ses, y no realiza ninguna acci√≥n por reducir el consumo de drog‚Ä¶",1,-1,1
8.80E+17,@aforastier,"RT @0bv10: es increible como ustedes se indignan tanto por todo y no porque nos quieren privatizar el clinicas, PRIVATIZACIONES EN GOBIERNO‚Ä¶",0,0,0
8.80E+17,@NellyMa22,"RT @alexvallenilla: Un rid√≠culo Mario Silba pregunta qu√© pasar√≠a en EEUU si protestan en base militar, no pregunta que pasa si gobierno pon‚Ä¶",0,0,0
8.80E+17,@macayela31,RT @isnardobravo: Maduro pide ‚Äúinsurrecci√≥n popular constitucional‚Äù si afectan su integridad o su gobierno. Eso ya est√° pero para sacarlo d‚Ä¶,1,1,0
8.80E+17,@msalazar137,RT @AlbertoRT51: √öLTIMA HORA | Los enfrentamientos en La Urbina: Esbirros del Gobierno arremeten con furia contra edificios y veh√≠cu‚Ä¶ ,0,0,0
8.80E+17,@carolavidalt,"RT @PableOstos: Los j√≥venes emprendieron una caminata desde Ciudad #Bol√≠var,hasta #Caracas (640Km). Informa @diarioelvistazo que ya‚Ä¶ ",1,1,0
8.80E+17,@elizabethmich10,RT @ivanariasduran: donde pones el dedo #SaltaLaPusNoMas https://t.co/AvI7CVXgsu,0,0,0
8.80E+17,@ga_vil,"RT @ExoSapiens: La agon√≠a del campo mexicano https://t.co/w9L3pI1mHq eso  ""negociar√°"" el gobierno, prolongar dicha agon√≠a con la continuida‚Ä¶",0,0,0
8.80E+17,@Albnick,"RT @Coculo: Fernanda Vallejos ""El gobierno de CFK fue transparente y la corrupci√≥n es un cuento de los medios"".
La autocr√≠tica que ped√≠amos‚Ä¶",0,0,0
8.80E+17,@JustBelkiz,"RT @rafarafa_ve: @TITORODRIGUEZZ @hcapriles HDP del gobierno estan usando drones para mejorar la efectividad de la represion, direct‚Ä¶ ",1,1,0
8.80E+17,@Marzia73138059,"RT @victoramaya: Entonces, Iris exculp√≥ a Leopoldo y confiesa que el gobierno protegi√≥ por tres a√±os a un ""asesino"". Calcula.",1,1,0
8.80E+17,@Oscaroasi,"RT @NTN24ve: MINUTO A MINUTO | @MariaCorinaYA informa de ataque de la Polic√≠a de Aragua a urbanizaci√≥n San Isidro, Maracay‚Ä¶ ",0,0,0
8.80E+17,@ChileBicampeon,"Existen los fascistas comunistas? ü§¶‚Äç‚ôÇÔ∏èüòÖ
https://t.co/MTNzChZAI3",1,0,1
8.80E+17,@ariftzenere,"RT @pekersqthreads: zayn malik
- le encanta ir a protestar 
- odia el gobierno
- a todos les dice 'perro' 
- se cola en el transmilenio htt‚Ä¶",1,-1,1
8.80E+17,@gustavoveitia,RT @AlbertoRT51: √öLTIMA HORA | Los enfrentamientos en La Urbina: Esbirros del Gobierno arremeten con furia contra edificios y veh√≠cu‚Ä¶ ,0,-1,1
8.80E+17,@RSerjeB,RT @andresportillo_: Ma√±ana otro show de Gobierno/Farc sobre entrega de armas. Colombianos NO olvidamos las 900 caletas y dinero que tienen‚Ä¶,0,0,0
8.80E+17,@ldlbizok,"Canal 44: Ahora en la l√≠nea de #Perspectivas, conversamos con gonzalo7sanchez sobre Gobierno Abierto y el supuesto‚Ä¶ https://t.co/3amwUiwdyg",1,1,0
8.80E+17,@mpierina,RT @AlbertoRT51: √öLTIMA HORA | Los enfrentamientos en La Urbina: Esbirros del Gobierno arremeten con furia contra edificios y veh√≠cu‚Ä¶ ,0,0,0
8.80E+17,@jbescribano330,RT @ccalena13: Los enfrentamientos en La Urbina: Esbirros del Gobierno arremeten con furia contra edificios y veh√≠culos https://t.co/NPVcMy‚Ä¶,0,0,0
8.80E+17,@scott_lycette,RT @LaDivinaDiva: La anarqu√≠a generalizada juega en favor del gobierno la protesta canalizada en favor de oposici√≥n. Los ingenuos cachicamo‚Ä¶,0,0,0
8.80E+17,@elviejomiguelc,"RT @JustBelkiz: @vetehugo @elviejomiguelc @VeneSysAlpha @margene2013 @EmarcQuinones @kike230 @OswaldoOrn 
AS√ç NOS LIMPIAREMOS EL TR‚Ä¶ ",1,1,0
8.80E+17,@ekuekimbisa,RT @NoticiasVenezue: Rodr√≠guez Torres presentar√° pruebas que demuestran v√≠nculos del Gobierno con narcotr√°fico https://t.co/rqMKPyCHZF http‚Ä¶,1,-1,1
8.80E+17,@tinajita5,RT @EfectoCocuyo: Rodr√≠guez Torres presentar√° pruebas que demuestran v√≠nculos del Gobierno con narcotr√°fico https://t.co/RXI0AUYEyC https:/‚Ä¶,1,-1,1
8.80E+17,@amatosacurero,RT @NoticiasVenezue: Rodr√≠guez Torres presentar√° pruebas que demuestran v√≠nculos del Gobierno con narcotr√°fico https://t.co/rqMKPyCHZF http‚Ä¶,1,-1,1
8.80E+17,@beto_aguisa,"La corrupci√≥n es de los tres niveles de gobierno, al igual que la administraci√≥n la factibilidad de la corrupci√≥n v‚Ä¶ https://t.co/c5lu2TEB3d",0,0,0
8.80E+17,@BecerraLimon,"RT @AlbaAC: #TodaVidaVale, Las ONGS, decimos Alto a la cacer√≠a de perros, Gobierno de Toluca, asuman su responsabilidad,‚Ä¶ ",0,0,0
8.80E+17,@mavisanguinetti,RT @NoticiasVenezue: Rodr√≠guez Torres presentar√° pruebas que demuestran v√≠nculos del Gobierno con narcotr√°fico https://t.co/rqMKPyCHZF http‚Ä¶,1,1,0
8.80E+17,@slchecolg,RT @ethally: #PaseDeLista10pm #NetaMeEstresaQu√© el gobierno siga sin encontrar respuestas del 98% de desaparecidos‚Ä¶ ,0,0,0
8.80E+17,@CarlosHuerfan,"Alimentos
Toneladas de alimento vegetal
Toneladas de alimento animal
Toneladas de materia prima
Miles de miles de e‚Ä¶ https://t.co/jKC1TIHD0P",1,-1,1
8.80E+17,@FcojSimancas,"RT @mcolozzal: Rond√≥n no ha peleado, porque somos disciplinados, el gobierno nos contiene, pero dejen quieto quien ta'quieto 

 https://t.c‚Ä¶",0,0,0
8.80E+17,@maikelali2,RT @VZLAGUERREA: Enfrentamientos en La Urbina: Esbirros del Gobierno arremeten con furia contra edificios y veh√≠culos #26Jun https://t.co/3‚Ä¶,0,0,0
8.80E+17,@Bestiometro,"RT @evoespueblo: El gobierno de EEUU usa lucha antidroga para intervenir pa√≠ses, y no realiza ninguna acci√≥n por reducir el consumo de drog‚Ä¶",1,-1,1
8.80E+17,@Vigon62,"RT @PableOstos: Los j√≥venes emprendieron una caminata desde Ciudad #Bol√≠var,hasta #Caracas (640Km). Informa @diarioelvistazo que ya‚Ä¶ ",1,-1,1
8.80E+17,@REML118,RT @AlbertoRT51: √öLTIMA HORA | Los enfrentamientos en La Urbina: Esbirros del Gobierno arremeten con furia contra edificios y veh√≠cu‚Ä¶ ,0,0,0
8.80E+17,@cfuentealbaj,"RT @Sbarrientose: Prefiero A2 F.Kast: m√°s q solo gesti√≥n, pol√≠tica nueva para arreglar los temas, no solo administrarlos‚Ä¶ ",1,1,0
8.80E+17,@pirelaarevalo,RT @andreschola: #26Jun La gente en Jos√© F√©lix Ribas protesta por incumpliento en la entrega de bolsas Clap. Otro guiso de este gobierno.,1,1,0
8.80E+17,@Justiciaciega70,RT @AlbertoRT51: URGENTE | 9:00pm- As√≠ se encuentra el Barrio San Jos√© en #Maracay: Manifestantes instalan barricadas: Rechazan gobi‚Ä¶ ,1,1,0
8.80E+17,@JavierHAres,RT @chuchoalvarez: El partido de Gobierno de Uruguay est√° a favor de Maduro. Lamentable. https://t.co/EkSEFmc39L,0,0,0
8.80E+17,@tuecuadormagico,Ecuador #ecuador #turismo #haciendas https://t.co/wSWenyTieG,1,1,0
8.80E+17,@jav_riv,"RT @AlbaAC: #TodaVidaVale, Las ONGS, decimos Alto a la cacer√≠a de perros, Gobierno de Toluca, asuman su responsabilidad,‚Ä¶ ",0,0,0
8.80E+17,@goleoEC,Club Deportivo River Ecuador extiende los contratos de #Dami√°nFrascarelli hasta el 2020 y #GonzaloValle hasta el... https://t.co/I3Q3qLR0UH,1,1,0
8.80E+17,@Juliusurda,@anitam2483 @vilma52 Y El ORANGUT√ÅN TIENE LAS BOLAS D√â JUSTIFICAR EST√Å INSURRECCION POPULAR POR QUE SU GOBIERNO EST√Å  AFECTADO.,0,0,0
8.80E+17,@ARENAfraccion,RT @Escobarmarga: @ARENAfraccion pide que gobierno cumpla con ley de discapacitados y lisiados de guerra @ARENAOFICIAL #Pensiones‚Ä¶ ,0,0,0
8.80E+17,@indignados14f,"RT @ObservadBinario: ¬°Ay, Dios, c√≥mo odio no equivocarme en esto!... No se duerman... Esto parece desencdenarse... https://t.co/9Hu8PzGyVT",0,0,0
8.80E+17,@vale21net,RT @elcitizen: Comienza la semana m√°s complicada para el gobierno. Este luce enredado y la calle sigue golpe√°ndolo. Mi solidaridad con los‚Ä¶,0,-1,1
8.80E+17,@PadillaPeinado,RT @NaTySaNcHeZr: @ElExpedienteCol Y ahora q ir√°n a decir para justificar otra atrocidad üò°üò°üò°üò° Gobierno de @#‚Ç¨%&amp; @JuanManSantos,0,0,0
8.80E+17,@rwong10,RT @Abriendo_Brecha: Gobierno de #Honduras espera inversi√≥n de m√°s de 700 millones de dolares a trav√©s de las  Alianzas P√∫blico-Privadas‚Ä¶ ,1,-1,1
8.80E+17,@Mar_Umi,RT @NoticiasVenezue: Rodr√≠guez Torres presentar√° pruebas que demuestran v√≠nculos del Gobierno con narcotr√°fico https://t.co/rqMKPyCHZF http‚Ä¶,1,0,1
8.80E+17,@eneitibizer,RT @CaraotaDigital: #Consecomercio: El gobierno se dedica a imprimir billetes para cubrir los errores cometidos https://t.co/CNk5mOBkV9 htt‚Ä¶,0,0,0
8.80E+17,@LUISSORODRIGUEZ,RT @Larissacostas: Para evitarlo pac√≠ficamente linchan y queman gente... https://t.co/GXCy9uDRUa,1,0,1
8.80E+17,@RuDTKD_P,RT @NTN24ve: MINUTO A MINUTO | Fuertes protestas contra el gobierno ocurren a esta hora en Maracay #26Jun https://t.co/7QGfbRZMhH,1,0,1
8.80E+17,@rufian,RT @AlbertoRT51: √öLTIMA HORA | Los enfrentamientos en La Urbina: Esbirros del Gobierno arremeten con furia contra edificios y veh√≠cu‚Ä¶ ,0,-1,1
8.80E+17,@Superyela,"RT @NTN24ve: MINUTO A MINUTO | @MariaCorinaYA informa de ataque de la Polic√≠a de Aragua a urbanizaci√≥n San Isidro, Maracay‚Ä¶ ",0,0,0
8.80E+17,@solmedical,"RT @shababaty: #Ecuador Codigo Penal
Quien-x cualquier medio-prolifere expresiones en descr√©dito,deshonra en contra de otro,ser√° p‚Ä¶ ",0,0,0
8.80E+17,@Sebex007,"@RCachanosky Si, pero sigue siendo correcto lo q dice el titular. El gobierno nunca se tom√≥ la molestia de explicar‚Ä¶ https://t.co/G4jKhAMIJw",0,0,0
8.80E+17,@golfredoe,RT @BattagliniDV: @hcapriles @NicolasMaduro Pajuo llamen a Paro Nacional. Esto es insostenible. Hay que derrocar a este gobierno YA!.‚Ä¶ ,0,0,0
8.80E+17,@NellyMa22,"RT @ObservadBinario: ¬°Ay, Dios, c√≥mo odio no equivocarme en esto!... No se duerman... Esto parece desencdenarse... https://t.co/9Hu8PzGyVT",0,0,0
8.80E+17,@anapvizu,"RT @shababaty: #Ecuador Codigo Penal
Quien-x cualquier medio-prolifere expresiones en descr√©dito,deshonra en contra de otro,ser√° p‚Ä¶ ",0,-1,1
8.80E+17,@merche_iturbe,"EE.UU. alerta de preparativos para un ataque qu√≠mico y acusa a Al Assad https://t.co/wnYmk9CLWx 
El Gobierno de EE.UU. ha alertado de que ‚Ä¶",0,-1,1
8.80E+17,@RiobambaBot,RT @LyMalan: Inti Raymi: un ritual ancestral - Diario La Prensa Riobamba - Ecuador https://t.co/RA9HEXbgu6,1,-1,1
8.80E+17,@perlamisler,RT @SergioMassa: .@1PaisUnido con cuadros de gobierno que piensen en brindar soluciones inmediatas a los problemas de los argentinos. https‚Ä¶,0,-1,1
8.80E+17,@KeitCriollo,RT @whoisdav: El gobierno tiene hasta dementores. Naguar√°. https://t.co/Zx5VQEqQnA,1,0,1
8.80E+17,@brinova1,RT @AlbertoRT51: √öLTIMA HORA | Los enfrentamientos en La Urbina: Esbirros del Gobierno arremeten con furia contra edificios y veh√≠cu‚Ä¶ ,0,0,0
8.80E+17,@renacervzla17,"RT @ObservadBinario: ¬°Ay, Dios, c√≥mo odio no equivocarme en esto!... No se duerman... Esto parece desencdenarse... https://t.co/9Hu8PzGyVT",0,0,0
8.80E+17,@masrenovador,RT @SergioMassa: .@1PaisUnido con cuadros de gobierno que piensen en brindar soluciones inmediatas a los problemas de los argentinos. https‚Ä¶,0,0,0
8.80E+17,@Piccirilla13,"RT @padresolalinde: Ahora est√° en la mira Sanjuana Mart√≠nez, amenazada de muerte. De d√≥nde vienen las amenazas? De Sedena? Del gobierno? De‚Ä¶",0,0,0
8.80E+17,@EsMemorable,"El 26 de junio de 1980, en EL Salvador, La Junta Revolucionaria de Gobierno, ocup√≥ otra vez, la Universidad de El S‚Ä¶ https://t.co/9q6gupwnWr",0,0,0
8.80E+17,@gheisahernandez,RT @andreschola: #26Jun La gente en Jos√© F√©lix Ribas protesta por incumpliento en la entrega de bolsas Clap. Otro guiso de este gobierno.,1,1,0
8.80E+17,@PhasmatosIncend,RT @darwuin_darkboy: #Ecuador fallecio en accidente de transito Kevin Jesus Zarraga Brice√±o Venezolanoüáªüá™de 24 a√±os. El cuerpo esta en un‚Ä¶ ,1,1,0
8.80E+17,@gmatty386,RT @elcitizen: Comienza la semana m√°s complicada para el gobierno. Este luce enredado y la calle sigue golpe√°ndolo. Mi solidaridad con los‚Ä¶,0,0,0
8.80E+17,@Chorreron,RT @Javierito321: Los que detestan las trancas seguro no se quejan de la tranca que tiene el gobierno al desarrollo del pa√≠s ¬°ESA SI ES UNA‚Ä¶,0,0,0
8.80E+17,@delfimpl,"RT @Alcortudo: Mientras Boca pregunta condiciones por los refuerzos y Costa lo informa, el resto de los clubes ya tienen los refuerzos entr‚Ä¶",1,1,0
8.80E+17,@MoninaJa,RT @andreschola: #26Jun La gente en Jos√© F√©lix Ribas protesta por incumpliento en la entrega de bolsas Clap. Otro guiso de este gobierno.,1,0,1
8.80E+17,@nestdez,RT @LadyGhostVzla: #TrancamosPorVzla en la protesta de la Av. Bol√≠var de #PuertoLaCruz  opositores fueron atacados y heridos por perso‚Ä¶ ,1,0,1
8.80E+17,@a_chevasco,"RT @Gabitegui: Exfiscal Chiriboga dice q en Per√∫, delatores internos dieron informaci√≥n que #Odebrecht no hab√≠a entregado. En Ecuador no ha‚Ä¶",0,-1,1
8.80E+17,@irisebas,RT @CaraotaDigital: #Consecomercio: El gobierno se dedica a imprimir billetes para cubrir los errores cometidos https://t.co/CNk5mOBkV9 htt‚Ä¶,0,0,0
8.80E+17,@marilyssia,"RT @evoespueblo: El gobierno de EEUU usa lucha antidroga para intervenir pa√≠ses, y no realiza ninguna acci√≥n por reducir el consumo de drog‚Ä¶",1,1,0
8.80E+17,@EJECUTIVOORO,"RT @la_cabilla: #LaCabillaPartiendola ""El chavismo no es un ‚Äúgobierno malo‚Äù sino un gobierno del mal"" @APIntegra‚Ä¶ ",0,0,0
8.80E+17,@PauletteCMR,No que descubrieran al mism√≠simo @malditoguayaco para emocionarse. üò™üò™üò™üò™ https://t.co/R4c2Vj9SYT,1,1,0
8.80E+17,@eliqueen4,RT @EnkiVzla: RT renanfco26: As√≠ se encuentra el Barrio San Jos√© en #Maracay Manifestantes instalan barricadas Rechazan gobierno‚Ä¶ https://t‚Ä¶,1,1,0
8.80E+17,@chef_cesar_1981,La nueva propuesta de casa Cesar .. Tutano al horno... #otavalo #yoamootavalo #imbabura #ecuador‚Ä¶ https://t.co/HfQB390tV0,1,1,0
8.80E+17,@Thairyb,"RT @NTN24ve: MINUTO A MINUTO | @MariaCorinaYA informa de ataque de la Polic√≠a de Aragua a urbanizaci√≥n San Isidro, Maracay‚Ä¶ ",0,0,0
8.80E+17,@yam2168,"RT @ObservadBinario: ¬°Ay, Dios, c√≥mo odio no equivocarme en esto!... No se duerman... Esto parece desencdenarse... https://t.co/9Hu8PzGyVT",0,0,0
8.80E+17,@Ven_Cuba,Venezuela ‚Äì ¬°VAGINICIDIO! Opositoras planean dejar sin sexo a sus maridos para ‚Äútumbar‚Äù al gobierno‚Ä¶ https://t.co/andKhUjbgA,0,0,0
8.80E+17,@morelese1,"El_Universal_Mx: El director de la Polic√≠a Nacional de Espa√±a, Ignacio Cosid√≥ Guti√©rrez, reconoci√≥ el esfuerzo del‚Ä¶ https://t.co/k8Ew7D2Hte",0,0,0
8.80E+17,@margag70,RT @AlbertoRT51: √öLTIMA HORA | Los enfrentamientos en La Urbina: Esbirros del Gobierno arremeten con furia contra edificios y veh√≠cu‚Ä¶ ,0,0,0
8.80E+17,@esparragosa1,RT @NoticiasVenezue: Rodr√≠guez Torres presentar√° pruebas que demuestran v√≠nculos del Gobierno con narcotr√°fico https://t.co/rqMKPyCHZF http‚Ä¶,1,1,0
8.80E+17,@alabanzaajesus,RT @andreschola: #26Jun La gente en Jos√© F√©lix Ribas protesta por incumpliento en la entrega de bolsas Clap. Otro guiso de este gobierno.,1,0,1
8.80E+17,@Roswallrprieto,RT @EnkiVzla: RT renanfco26: As√≠ se encuentra el Barrio San Jos√© en #Maracay Manifestantes instalan barricadas Rechazan gobierno‚Ä¶ https://t‚Ä¶,1,-1,1
8.80E+17,@nahdezda,RT @AlbertoRT51: URGENTE | 9:00pm- As√≠ se encuentra el Barrio San Jos√© en #Maracay: Manifestantes instalan barricadas: Rechazan gobi‚Ä¶ ,1,0,1
8.80E+17,@XabierCosco,"Y al gobierno no le va a ir nada bien con la constituyente, no se puede imponer a la fuerza Al paso q van les queda‚Ä¶ https://t.co/vFTjvAuJ89",0,0,0
8.80E+17,@JavierArtiles,RT @eleonorabruzual: Ya el Trancazo de hoy muestra su contundencia... Es bueno que los diputados de la @AsambleaVE apuren el gobierno de tr‚Ä¶,1,1,0
8.80E+17,@anamvaldes2,"RT @oleajeperpetuo: En las #Elecciones2017 de Octubre, 
¬øvas a apoyar al gobierno #neoliberal de Macri para que siga gobernando para los ri‚Ä¶",1,-1,1
8.80E+17,@Boina49,RT @NoticiasVenezue: Rodr√≠guez Torres presentar√° pruebas que demuestran v√≠nculos del Gobierno con narcotr√°fico https://t.co/rqMKPyCHZF http‚Ä¶,1,1,0
8.80E+17,@JLCarrero,RT @Javierito321: Los que detestan las trancas seguro no se quejan de la tranca que tiene el gobierno al desarrollo del pa√≠s ¬°ESA SI ES UNA‚Ä¶,0,0,0
8.80E+17,@armandovuelo,RT @r3dmx: El informe #GobiernoEsp√≠a contiene varios hechos que son irrefutables por el gobierno federal: https://t.co/WLwYoZaLlM,1,1,0
8.80E+17,@romi_ariadna,RT @GFranco8: @damifrascarelli Renov√≥ su contrato con #River de Ecuador hasta 2020! El Uruguayo tuvo una gran campa√±a a base de b‚Ä¶ ,1,1,0
8.80E+17,@DalenhiTriant,"RT @aceloruiz: Gobierno esp√≠a, gobierno c√≥mplice de los corruptos. https://t.co/N7E21L3YZr",0,0,0
8.80E+17,@AnaFlorRaucci,RT @elcitizen: Comienza la semana m√°s complicada para el gobierno. Este luce enredado y la calle sigue golpe√°ndolo. Mi solidaridad con los‚Ä¶,0,0,0
8.80E+17,@ajramirez22,RT @AlbertoRT51: √öLTIMA HORA | Los enfrentamientos en La Urbina: Esbirros del Gobierno arremeten con furia contra edificios y veh√≠cu‚Ä¶ ,0,0,0
8.80E+17,@Chichi47266791,"@DaniloMedina, El equipo ciudad segura Apollando la gesti√≥n de gobierno del presidente medina https://t.co/KSE5GHBbt5",1,1,0
8.80E+17,@andresequi,"RT @franciscoendara: Todo el mundo lo sabe üòÇ
Parece que es un secreto a voces en Ecuador. https://t.co/e8oOJBv2u0",0,0,0
8.80E+17,@GranSabana6,Esos actos del Gobierno buscan restarle legitimidad y fuerza a las protestas pacificas que han sido exitosas. @FreddyGuevaraC @hcapriles,1,1,0
8.80E+17,@CesarMendoza76,"RT @elcitizen: Cual es el gobierno de Am√©rica Latina q asesina, reprime y encarcela a estudiantes. Censura y persigue a periodistas? Maduro‚Ä¶",0,0,0
8.80E+17,@NadjaJTC,"RT @elcitizen: Qui√©n iba a pensar q un supuesto gobierno de izquierda iba a terminar como gorilas, reprimiendo y con las alforjas repletas‚Ä¶",0,0,0
8.80E+17,@lolimonsal,"RT @Proctologo: Du√©lale a quien le duela, Aqu√≠ hay que deshacerse de los pol√≠ticos in√∫tiles tanto del gobierno como de oposici√≥n.",0,0,0
8.80E+17,@montmaty_,RT @DarvinsonRojas: Gobierno bot√≥ Bs. 2.058.925.000 para evitar protestas en autopista Francisco Fajardo https://t.co/UGvKZj4za1 https://t.‚Ä¶,1,1,0
8.80E+17,@GonzlezMedalit,RT @noticias_tvperu: EN VIVO| Congreso: grupo que eval√∫a remoci√≥n del #contralor Alarc√≥n sesiona de manera reservada ‚ñ∫‚Ä¶ ,1,1,0
8.80E+17,@navasaveledo,RT @renanfco26: As√≠ se encuentra el Barrio San Jos√© en #Maracay Manifestantes instalan barricadas Rechazan gobierno d Maduro #26Jun https:/‚Ä¶,1,1,0
8.80E+17,@beto_juan,"QUE VENALES SON EN RADIO  MITRE, TIRAN BOSTA SIN FRENO, EST√ÅN CONTRA EL GOBIERNO, NO OBJETIVOS, CANCELAMOS, EST√ÅN INVENTANDO",0,0,0
8.80E+17,@wguaido,RT @DiarioTalCual: EL QUE NO AGARRA CONSEJO... Parlasur insta al Gobierno a respetar los DDHH de los venezolanos‚Ä¶ ,1,1,0
8.80E+17,@Jacquelinedixit,@otrosuaM Jajaja pendejo.,1,1,0
8.80E+17,@78952cc87b10464,RT @CiudadCCS: Pueblo mapuche de Chile expresa su solidaridad con el Gobierno Bolivariano https://t.co/wEcmiuTwbP,1,1,0
,,,,,50
,,,,error,25%
